Trade Time,Ticker,Expiration Date,Strike Price,Contract Type,Reference Price,Size,Option Price,Bid Price,Ask Price,Volume,Open Interest,Implied Volatility
2026-07-16T13:31:38.000Z,DEMO,2026-08-16,$202.50,PUT,$187.46,236,$7.78,$7.73,$7.83,"10,140","4,245",18.78%
2026-07-16T14:01:43.000Z,DEMO,2026-07-24,$202.50,PUT,$187.47,15,$8.01,$7.96,$8.06,"9,056","5,222",20.12%
2026-07-16T14:04:42.000Z,DEMO,2026-07-24,$187.50,CALL,$187.42,124,$1.68,$1.63,$1.73,"2,611","5,564",16.72%
2026-07-16T14:21:26.000Z,DEMO,2026-07-24,$170.00,PUT,$187.40,355,$8.73,$8.68,$8.78,"2,490","7,779",19.05%
2026-07-16T14:23:06.000Z,DEMO,2026-08-16,$172.50,PUT,$187.38,277,$7.91,$7.86,$7.96,666,675,20.60%
2026-07-16T14:30:55.000Z,DEMO,2026-08-16,$197.50,CALL,$187.33,18,$5.91,$5.86,$5.96,"3,894","6,076",20.22%
2026-07-16T14:32:33.000Z,DEMO,2026-07-24,$172.50,CALL,$187.36,314,$7.82,$7.77,$7.87,"6,356","4,525",20.69%
2026-07-16T15:02:35.000Z,DEMO,2026-07-24,$182.50,PUT,$187.38,239,$3.43,$3.38,$3.48,"4,827","3,138",16.15%
2026-07-16T15:32:32.000Z,DEMO,2026-07-24,$170.00,CALL,$187.37,41,$8.92,$8.87,$8.97,"9,216","6,613",20.74%
2026-07-16T15:42:22.000Z,DEMO,2026-08-16,$187.50,CALL,$187.34,367,$1.68,$1.63,$1.73,"9,001",734,16.93%
2026-07-16T16:08:12.000Z,DEMO,2026-07-24,$177.50,PUT,$187.40,54,$5.72,$5.67,$5.77,"6,968","3,422",17.81%
2026-07-16T16:37:02.000Z,DEMO,2026-08-16,$187.50,CALL,$187.38,232,$1.85,$1.80,$1.90,"8,884","3,484",19.12%
2026-07-16T16:55:11.000Z,DEMO,2026-08-16,$170.00,PUT,$187.36,261,$9.07,$9.02,$9.12,"1,015","2,666",22.22%
2026-07-16T16:55:21.000Z,DEMO,2026-08-16,$172.50,PUT,$187.37,28,$7.81,$7.76,$7.86,218,624,19.23%
2026-07-16T16:56:46.000Z,DEMO,2026-08-16,$207.50,PUT,$187.50,355,$9.82,$9.77,$9.87,864,"4,397",19.52%
2026-07-16T16:56:55.000Z,DEMO,2026-08-16,$202.50,PUT,$187.40,94,$7.88,$7.83,$7.93,"10,660","3,962",19.92%
2026-07-16T17:03:17.000Z,DEMO,2026-08-16,$170.00,PUT,$187.45,378,$8.92,$8.87,$8.97,810,"2,395",20.22%
2026-07-16T17:03:19.000Z,DEMO,2026-07-24,$187.50,PUT,$187.31,354,$1.78,$1.73,$1.83,"9,964","3,406",18.39%
2026-07-16T17:06:02.000Z,DEMO,2026-07-24,$170.00,PUT,$187.33,278,$8.90,$8.85,$8.95,"3,804","6,149",20.36%
2026-07-16T17:13:54.000Z,DEMO,2026-08-16,$177.50,CALL,$187.45,146,$5.63,$5.58,$5.68,"6,977","1,156",16.87%
2026-07-16T17:15:05.000Z,DEMO,2026-08-16,$187.50,PUT,$187.48,228,$1.56,$1.51,$1.61,301,996,16.45%
2026-07-16T17:39:43.000Z,DEMO,2026-07-24,$170.00,PUT,$187.50,305,$9.00,$8.95,$9.05,"1,458",667,20.79%
2026-07-16T17:44:35.000Z,DEMO,2026-08-16,$202.50,PUT,$187.45,123,$7.65,$7.60,$7.70,"7,223","1,657",17.49%
2026-07-16T17:49:12.000Z,DEMO,2026-08-16,$207.50,CALL,$187.46,103,$10.07,$10.02,$10.12,"7,419","4,811",21.53%
2026-07-16T18:04:08.000Z,DEMO,2026-08-16,$172.50,PUT,$187.44,82,$7.78,$7.73,$7.83,"3,117","4,261",19.86%
2026-07-16T18:26:03.000Z,DEMO,2026-08-16,$192.50,CALL,$187.38,119,$4.01,$3.96,$4.06,"10,921","7,799",20.11%
2026-07-16T19:15:55.000Z,DEMO,2026-07-24,$187.50,PUT,$187.36,156,$2.06,$2.01,$2.11,"2,993","7,816",20.55%
2026-07-16T19:36:24.000Z,DEMO,2026-07-24,$187.50,PUT,$187.37,27,$1.62,$1.57,$1.67,"9,063","6,146",16.91%
2026-07-16T19:51:43.000Z,DEMO,2026-07-24,$202.50,PUT,$187.31,23,$7.70,$7.65,$7.75,"8,363","6,783",17.12%
2026-07-16T19:59:01.000Z,DEMO,2026-07-24,$192.50,PUT,$187.25,303,$3.83,$3.78,$3.88,"5,726","2,647",19.34%
2026-07-16T20:16:09.000Z,DEMO,2026-08-16,$207.50,PUT,$187.15,165,$9.90,$9.85,$9.95,"5,358","5,405",18.46%
2026-07-16T20:42:06.000Z,DEMO,2026-07-24,$197.50,CALL,$187.18,399,$5.77,$5.72,$5.82,"4,186","3,902",17.41%
2026-07-16T20:43:43.000Z,DEMO,2026-08-16,$202.50,CALL,$187.22,302,$7.89,$7.84,$7.94,"7,105","2,827",19.39%
2026-07-16T20:52:10.000Z,DEMO,2026-08-16,$192.50,PUT,$187.24,288,$3.73,$3.68,$3.78,"9,376",899,17.86%
2026-07-16T20:52:18.000Z,DEMO,2026-07-24,$170.00,PUT,$187.31,133,$8.54,$8.49,$8.59,"1,266","3,250",17.57%
2026-07-16T20:54:20.000Z,DEMO,2026-07-24,$192.50,PUT,$187.32,89,$3.98,$3.93,$4.03,"11,537","4,771",19.66%
2026-07-16T20:57:32.000Z,DEMO,2026-07-24,$177.50,CALL,$187.35,148,$5.42,$5.37,$5.47,"6,333","2,191",16.75%
2026-07-16T21:32:00.000Z,DEMO,2026-07-24,$182.50,CALL,$187.37,21,$3.90,$3.85,$3.95,"11,041","7,558",19.66%
2026-07-16T21:37:06.000Z,DEMO,2026-08-16,$182.50,CALL,$187.36,15,$3.59,$3.54,$3.64,"9,825","6,857",17.00%
2026-07-16T21:38:46.000Z,DEMO,2026-08-16,$182.50,PUT,$187.32,309,$3.59,$3.54,$3.64,"2,471",502,17.54%
2026-07-16T21:53:26.000Z,DEMO,2026-08-16,$207.50,PUT,$187.49,257,$9.89,$9.84,$9.94,"2,698","5,998",20.60%
2026-07-16T21:58:48.000Z,DEMO,2026-08-16,$202.50,CALL,$187.46,199,$7.85,$7.80,$7.90,"6,068","6,650",19.09%
2026-07-16T21:59:45.000Z,DEMO,2026-07-24,$197.50,CALL,$187.41,23,$5.83,$5.78,$5.88,"6,482","6,266",19.59%
2026-07-16T22:04:22.000Z,DEMO,2026-08-16,$192.50,CALL,$187.44,185,$3.49,$3.44,$3.54,"8,484","1,938",16.69%
2026-07-16T22:10:56.000Z,DEMO,2026-08-16,$177.50,CALL,$187.46,397,$5.63,$5.58,$5.68,"2,738","2,876",17.90%
2026-07-16T22:33:29.000Z,DEMO,2026-07-24,$172.50,CALL,$187.35,225,$7.76,$7.71,$7.81,"5,324","1,292",19.67%
2026-07-16T23:09:52.000Z,DEMO,2026-08-16,$207.50,PUT,$187.44,215,$9.82,$9.77,$9.87,"7,517","4,969",19.13%
2026-07-16T23:10:25.000Z,DEMO,2026-08-16,$192.50,CALL,$187.43,276,$3.89,$3.84,$3.94,"2,260","6,273",20.35%
2026-07-16T23:14:02.000Z,DEMO,2026-07-24,$172.50,CALL,$187.35,1,$7.77,$7.72,$7.82,"5,356","4,204",19.54%
2026-07-16T23:17:07.000Z,DEMO,2026-08-16,$182.50,PUT,$187.43,100,$3.75,$3.70,$3.80,"5,442","1,466",18.53%
2026-07-16T23:39:54.000Z,DEMO,2026-07-24,$192.50,CALL,$187.48,44,$3.96,$3.91,$4.01,"7,796","6,090",19.62%
2026-07-16T23:49:54.000Z,DEMO,2026-07-24,$207.50,PUT,$187.39,114,$9.99,$9.94,$10.04,"3,213","3,763",20.59%
2026-07-16T23:53:52.000Z,DEMO,2026-07-24,$202.50,PUT,$187.52,100,$7.99,$7.94,$8.04,"6,295","5,447",20.46%
2026-07-16T23:54:43.000Z,DEMO,2026-07-24,$192.50,CALL,$187.57,159,$3.88,$3.83,$3.93,"1,148","7,964",20.23%
2026-07-17T00:02:23.000Z,DEMO,2026-07-24,$182.50,PUT,$187.57,148,$3.84,$3.79,$3.89,"6,633","1,352",18.56%
2026-07-17T00:10:25.000Z,DEMO,2026-07-24,$192.50,PUT,$187.69,278,$3.55,$3.50,$3.60,"4,388",706,18.29%
2026-07-17T00:13:56.000Z,DEMO,2026-07-24,$197.50,CALL,$187.70,82,$5.72,$5.67,$5.77,"2,158","1,681",18.65%
2026-07-17T00:14:57.000Z,DEMO,2026-07-24,$187.50,PUT,$187.70,161,$1.78,$1.73,$1.83,"10,384","1,082",18.17%
2026-07-17T00:16:19.000Z,DEMO,2026-07-24,$202.50,PUT,$187.65,374,$7.65,$7.60,$7.70,"11,321","4,590",17.90%
2026-07-17T00:26:15.000Z,DEMO,2026-07-24,$207.50,PUT,$187.69,165,$9.87,$9.82,$9.92,"5,988",349,20.79%
2026-07-17T00:34:21.000Z,DEMO,2026-07-24,$170.00,PUT,$187.73,21,$8.83,$8.78,$8.88,"4,344","2,491",18.25%
2026-07-17T00:52:44.000Z,DEMO,2026-08-16,$202.50,CALL,$187.73,327,$7.76,$7.71,$7.81,"1,795","4,004",19.90%
2026-07-17T01:06:05.000Z,DEMO,2026-07-24,$177.50,PUT,$187.67,141,$6.02,$5.97,$6.07,"10,554","7,284",20.60%
2026-07-17T01:17:13.000Z,DEMO,2026-07-24,$207.50,PUT,$187.68,92,$9.73,$9.68,$9.78,"8,626","4,526",19.07%
2026-07-17T01:19:29.000Z,DEMO,2026-07-24,$182.50,CALL,$187.67,235,$4.06,$4.01,$4.11,"6,059","6,683",20.83%
2026-07-17T01:31:14.000Z,DEMO,2026-08-16,$202.50,PUT,$187.57,252,$7.68,$7.63,$7.73,"7,458","1,753",18.72%
2026-07-17T01:52:44.000Z,DEMO,2026-08-16,$177.50,CALL,$187.46,396,$5.86,$5.81,$5.91,"6,983","2,365",20.06%
2026-07-17T02:00:49.000Z,DEMO,2026-07-24,$202.50,PUT,$187.51,117,$7.98,$7.93,$8.03,258,"5,350",20.95%
2026-07-17T02:07:04.000Z,DEMO,2026-08-16,$172.50,PUT,$187.31,158,$7.84,$7.79,$7.89,"8,986",631,20.12%
2026-07-17T02:25:05.000Z,DEMO,2026-08-16,$187.50,CALL,$187.33,370,$1.63,$1.58,$1.68,"9,199","1,883",16.10%
2026-07-17T02:42:05.000Z,DEMO,2026-08-16,$177.50,CALL,$187.29,74,$5.78,$5.73,$5.83,"6,001","4,547",19.28%
2026-07-17T03:11:09.000Z,DEMO,2026-07-24,$202.50,CALL,$187.39,358,$7.67,$7.62,$7.72,"3,761","4,952",18.22%
2026-07-17T03:16:15.000Z,DEMO,2026-07-24,$192.50,CALL,$187.35,91,$3.59,$3.54,$3.64,"6,111","1,060",16.69%
2026-07-17T03:24:43.000Z,DEMO,2026-08-16,$187.50,PUT,$187.40,327,$1.63,$1.58,$1.68,"7,077","6,843",17.33%
2026-07-17T03:39:39.000Z,DEMO,2026-07-24,$177.50,PUT,$187.37,144,$5.79,$5.74,$5.84,"3,017","5,964",18.93%
2026-07-17T03:54:46.000Z,DEMO,2026-07-24,$197.50,PUT,$187.38,102,$5.74,$5.69,$5.79,914,"7,018",18.07%
2026-07-17T04:03:13.000Z,DEMO,2026-08-16,$177.50,PUT,$187.44,217,$5.89,$5.84,$5.94,579,"7,555",19.78%
2026-07-17T04:16:04.000Z,DEMO,2026-08-16,$182.50,PUT,$187.40,348,$3.75,$3.70,$3.80,"8,820","6,517",19.12%
2026-07-17T04:29:10.000Z,DEMO,2026-08-16,$192.50,CALL,$187.48,141,$3.81,$3.76,$3.86,"2,210","4,511",18.37%
2026-07-17T04:41:07.000Z,DEMO,2026-08-16,$192.50,CALL,$187.40,388,$3.66,$3.61,$3.71,"11,545","1,888",16.64%
2026-07-17T04:54:02.000Z,DEMO,2026-08-16,$177.50,PUT,$187.42,207,$5.74,$5.69,$5.79,"6,245","7,388",19.36%
2026-07-17T05:09:33.000Z,DEMO,2026-07-24,$202.50,CALL,$187.49,142,$7.73,$7.68,$7.78,"10,146","6,299",19.19%
2026-07-17T05:20:58.000Z,DEMO,2026-07-24,$177.50,CALL,$187.54,283,$5.78,$5.73,$5.83,"3,725","1,662",18.83%
2026-07-17T05:22:20.000Z,DEMO,2026-07-24,$187.50,CALL,$187.69,134,$1.80,$1.75,$1.85,873,"4,284",18.50%
2026-07-17T05:26:37.000Z,DEMO,2026-08-16,$177.50,PUT,$187.63,213,$5.70,$5.65,$5.75,"2,264","1,783",17.34%
2026-07-17T05:30:37.000Z,DEMO,2026-08-16,$197.50,PUT,$187.52,144,$5.64,$5.59,$5.69,"9,295","4,026",17.55%
2026-07-17T05:34:56.000Z,DEMO,2026-07-24,$207.50,CALL,$187.45,44,$9.65,$9.60,$9.70,"1,153","4,581",18.12%
2026-07-17T05:48:26.000Z,DEMO,2026-07-24,$202.50,PUT,$187.50,319,$7.95,$7.90,$8.00,"6,891","4,248",20.49%
2026-07-17T06:06:39.000Z,DEMO,2026-08-16,$182.50,PUT,$187.54,11,$3.78,$3.73,$3.83,"1,054","4,771",19.40%
2026-07-17T06:16:44.000Z,DEMO,2026-08-16,$207.50,PUT,$187.54,178,$9.75,$9.70,$9.80,"3,554","1,378",20.42%
2026-07-17T06:24:22.000Z,DEMO,2026-08-16,$177.50,PUT,$187.46,241,$5.84,$5.79,$5.89,"4,385","5,282",19.80%
2026-07-17T06:45:50.000Z,DEMO,2026-08-16,$192.50,CALL,$187.52,206,$3.80,$3.75,$3.85,"9,489",916,18.69%
2026-07-17T07:12:41.000Z,DEMO,2026-08-16,$170.00,CALL,$187.43,96,$8.69,$8.64,$8.74,"8,304","5,736",18.22%
2026-07-17T07:39:13.000Z,DEMO,2026-08-16,$187.50,CALL,$187.51,374,$1.80,$1.75,$1.85,"5,619","5,944",19.84%
2026-07-17T09:05:58.000Z,DEMO,2026-08-16,$177.50,PUT,$187.73,340,$5.84,$5.79,$5.89,"4,368","4,318",18.66%
2026-07-17T09:08:01.000Z,DEMO,2026-08-16,$197.50,PUT,$187.75,308,$5.77,$5.72,$5.82,"5,523","4,807",20.40%
2026-07-17T09:17:18.000Z,DEMO,2026-07-24,$192.50,CALL,$187.80,319,$3.77,$3.72,$3.82,"2,368","7,237",19.51%
2026-07-17T09:22:07.000Z,DEMO,2026-07-24,$172.50,PUT,$187.76,18,$7.87,$7.82,$7.92,"5,440",323,18.64%
2026-07-17T09:31:41.000Z,DEMO,2026-08-16,$187.50,CALL,$187.63,44,$1.78,$1.73,$1.83,"11,095","6,049",19.09%
2026-07-17T10:14:00.000Z,DEMO,2026-08-16,$177.50,CALL,$187.58,271,$5.68,$5.63,$5.73,"11,160","5,938",18.41%
2026-07-17T10:34:50.000Z,DEMO,2026-07-24,$170.00,CALL,$187.50,52,$8.71,$8.66,$8.76,"2,819","6,897",19.27%
2026-07-17T10:36:39.000Z,DEMO,2026-08-16,$187.50,PUT,$187.39,185,$1.77,$1.72,$1.82,"11,448","5,233",18.59%
2026-07-17T10:39:58.000Z,DEMO,2026-07-24,$187.50,CALL,$187.52,152,$1.72,$1.67,$1.77,"5,309","4,396",18.56%
2026-07-17T10:45:24.000Z,DEMO,2026-08-16,$182.50,CALL,$187.54,98,$3.86,$3.81,$3.91,"7,131",607,19.05%
2026-07-17T10:50:42.000Z,DEMO,2026-08-16,$170.00,CALL,$187.57,125,$8.87,$8.82,$8.92,"9,817","3,352",19.91%
2026-07-17T10:55:17.000Z,DEMO,2026-08-16,$177.50,PUT,$187.54,303,$5.82,$5.77,$5.87,"2,557","6,007",18.58%
2026-07-17T10:55:36.000Z,DEMO,2026-07-24,$170.00,CALL,$187.53,209,$8.89,$8.84,$8.94,"1,430","3,377",19.71%
2026-07-17T10:56:53.000Z,DEMO,2026-08-16,$182.50,CALL,$187.60,50,$3.65,$3.60,$3.70,"2,848",386,17.57%
2026-07-17T10:58:29.000Z,DEMO,2026-08-16,$197.50,CALL,$187.60,352,$5.70,$5.65,$5.75,"2,758","1,043",19.31%
2026-07-17T11:04:39.000Z,DEMO,2026-07-24,$177.50,PUT,$187.64,161,$5.82,$5.77,$5.87,"2,497",839,19.12%
2026-07-17T11:07:39.000Z,DEMO,2026-08-16,$177.50,CALL,$187.63,164,$5.85,$5.80,$5.90,485,"3,991",19.95%
2026-07-17T11:20:05.000Z,DEMO,2026-07-24,$207.50,CALL,$187.60,44,$9.92,$9.87,$9.97,"6,921","4,979",19.90%
2026-07-17T11:46:05.000Z,DEMO,2026-08-16,$192.50,PUT,$187.50,162,$3.70,$3.65,$3.75,"2,607","6,961",17.61%
2026-07-17T11:56:50.000Z,DEMO,2026-08-16,$192.50,CALL,$187.35,168,$3.86,$3.81,$3.91,"5,244","7,976",19.10%
2026-07-17T11:58:45.000Z,DEMO,2026-07-24,$187.50,PUT,$187.33,163,$1.89,$1.84,$1.94,"11,089","3,207",19.11%
2026-07-17T12:10:42.000Z,DEMO,2026-08-16,$192.50,CALL,$187.33,282,$3.79,$3.74,$3.84,"1,594","3,704",17.92%
2026-07-17T12:10:57.000Z,DEMO,2026-07-24,$177.50,CALL,$187.24,111,$5.82,$5.77,$5.87,"8,564","6,247",20.44%
2026-07-17T12:18:03.000Z,DEMO,2026-08-16,$207.50,CALL,$187.23,3,$9.91,$9.86,$9.96,"2,197","4,759",19.72%
2026-07-17T12:18:52.000Z,DEMO,2026-08-16,$177.50,PUT,$187.24,206,$5.91,$5.86,$5.96,"7,212","4,660",22.13%
2026-07-17T12:21:15.000Z,DEMO,2026-08-16,$172.50,PUT,$187.08,225,$7.63,$7.58,$7.68,"8,905","2,640",20.19%
2026-07-17T12:24:25.000Z,DEMO,2026-07-24,$197.50,CALL,$187.01,333,$5.88,$5.83,$5.93,"2,825","1,133",19.21%
2026-07-17T12:36:59.000Z,DEMO,2026-08-16,$202.50,CALL,$187.04,68,$8.09,$8.04,$8.14,"6,555","6,406",19.89%
2026-07-17T13:06:25.000Z,DEMO,2026-08-16,$170.00,PUT,$187.07,75,$8.74,$8.69,$8.79,"1,945","3,801",20.22%
2026-07-17T13:11:17.000Z,DEMO,2026-08-16,$207.50,CALL,$186.98,207,$10.12,$10.07,$10.17,"4,036","2,058",20.50%
2026-07-17T13:12:54.000Z,DEMO,2026-08-16,$197.50,PUT,$186.99,297,$5.87,$5.82,$5.92,"7,187",993,18.43%
2026-07-17T13:27:40.000Z,DEMO,2026-08-16,$177.50,CALL,$187.07,217,$5.49,$5.44,$5.54,"11,911","1,548",18.49%
2026-07-17T13:30:36.000Z,DEMO,2026-07-24,$177.50,PUT,$187.13,374,$5.69,$5.64,$5.74,"6,167","3,263",19.10%
2026-07-17T13:45:50.000Z,DEMO,2026-07-24,$202.50,PUT,$187.12,261,$8.16,$8.11,$8.21,"2,257","4,947",21.47%
2026-07-17T13:58:18.000Z,DEMO,2026-07-24,$202.50,CALL,$187.08,298,$8.24,$8.19,$8.29,"3,047","4,029",21.16%
2026-07-17T14:15:10.000Z,DEMO,2026-08-16,$170.00,CALL,$187.04,220,$8.53,$8.48,$8.58,"11,151","6,592",18.64%
2026-07-17T14:27:48.000Z,DEMO,2026-07-24,$172.50,PUT,$187.07,330,$7.62,$7.57,$7.67,"7,930","1,148",19.90%
2026-07-17T14:33:43.000Z,DEMO,2026-08-16,$172.50,CALL,$187.09,391,$7.73,$7.68,$7.78,"5,714","2,034",20.68%
2026-07-17T14:47:06.000Z,DEMO,2026-08-16,$177.50,CALL,$187.13,214,$5.56,$5.51,$5.61,"1,506","2,721",18.66%
2026-07-17T14:52:12.000Z,DEMO,2026-08-16,$170.00,CALL,$187.14,300,$8.72,$8.67,$8.77,"5,496","5,615",19.79%
2026-07-17T14:52:32.000Z,DEMO,2026-07-24,$187.50,PUT,$187.21,233,$1.86,$1.81,$1.91,"4,048","3,542",19.20%
2026-07-17T15:01:02.000Z,DEMO,2026-07-24,$177.50,PUT,$187.21,157,$5.42,$5.37,$5.47,"2,265","2,581",16.94%
2026-07-17T15:41:53.000Z,DEMO,2026-07-24,$182.50,CALL,$187.27,256,$3.76,$3.71,$3.81,"4,660","3,806",20.47%
2026-07-17T15:46:10.000Z,DEMO,2026-07-24,$202.50,CALL,$187.34,26,$7.82,$7.77,$7.87,"1,720","5,678",17.96%
2026-07-17T15:52:32.000Z,DEMO,2026-08-16,$197.50,CALL,$187.28,359,$5.97,$5.92,$6.02,"4,680","1,963",20.09%
2026-07-17T15:54:55.000Z,DEMO,2026-08-16,$207.50,CALL,$187.14,306,$9.94,$9.89,$9.99,"8,232","7,357",19.28%
2026-07-17T16:05:27.000Z,DEMO,2026-07-24,$202.50,PUT,$187.26,11,$8.06,$8.01,$8.11,"9,437","4,898",21.11%
2026-07-17T16:06:20.000Z,DEMO,2026-08-16,$192.50,PUT,$187.28,198,$3.93,$3.88,$3.98,"6,151","2,232",18.76%
2026-07-17T16:25:02.000Z,DEMO,2026-08-16,$177.50,CALL,$187.15,128,$5.79,$5.74,$5.84,"4,612",661,20.69%
2026-07-17T16:48:14.000Z,DEMO,2026-08-16,$187.50,CALL,$187.09,164,$2.11,$2.06,$2.16,"3,937",228,20.37%
2026-07-17T16:51:33.000Z,DEMO,2026-08-16,$187.50,PUT,$187.15,5,$1.93,$1.88,$1.98,"10,900","5,296",20.00%
2026-07-17T16:56:54.000Z,DEMO,2026-07-24,$182.50,PUT,$187.13,244,$3.59,$3.54,$3.64,"2,853",999,18.23%
2026-07-17T17:16:23.000Z,DEMO,2026-08-16,$177.50,PUT,$187.09,372,$5.68,$5.63,$5.73,"2,622","3,769",19.17%
2026-07-17T17:21:05.000Z,DEMO,2026-08-16,$187.50,PUT,$187.20,219,$1.56,$1.51,$1.61,"1,724","3,777",15.99%
2026-07-17T17:25:22.000Z,DEMO,2026-07-24,$207.50,CALL,$187.12,375,$10.01,$9.96,$10.06,"11,447","1,849",19.90%
2026-07-17T17:27:26.000Z,DEMO,2026-07-24,$172.50,PUT,$187.06,383,$7.68,$7.63,$7.73,"7,039","2,718",19.52%
2026-07-17T18:16:20.000Z,DEMO,2026-08-16,$197.50,CALL,$187.07,272,$6.01,$5.96,$6.06,"3,211","3,068",19.57%
2026-07-17T18:23:45.000Z,DEMO,2026-08-16,$197.50,CALL,$187.10,262,$5.89,$5.84,$5.94,"9,196","5,419",18.96%
2026-07-17T18:27:48.000Z,DEMO,2026-07-24,$202.50,CALL,$187.14,321,$8.05,$8.00,$8.10,"4,108","6,347",20.06%
2026-07-17T18:36:54.000Z,DEMO,2026-07-24,$187.50,CALL,$187.21,76,$1.72,$1.67,$1.77,"7,566","5,542",17.13%
2026-07-17T18:47:45.000Z,DEMO,2026-08-16,$197.50,CALL,$187.22,277,$5.82,$5.77,$5.87,706,"2,265",18.59%
2026-07-17T18:47:57.000Z,DEMO,2026-08-16,$197.50,PUT,$187.26,304,$5.88,$5.83,$5.93,655,"3,074",19.24%
2026-07-17T18:57:49.000Z,DEMO,2026-07-24,$170.00,CALL,$187.24,109,$8.91,$8.86,$8.96,"9,958","3,305",22.01%
2026-07-17T19:00:26.000Z,DEMO,2026-07-24,$192.50,PUT,$187.25,294,$3.91,$3.86,$3.96,"4,173",106,19.82%
2026-07-17T19:11:44.000Z,DEMO,2026-08-16,$172.50,CALL,$187.25,193,$7.82,$7.77,$7.87,"4,114",465,20.69%
2026-07-17T19:14:47.000Z,DEMO,2026-08-16,$170.00,PUT,$187.27,23,$8.79,$8.74,$8.84,"1,621","7,718",20.67%
2026-07-17T19:20:57.000Z,DEMO,2026-07-24,$207.50,PUT,$187.33,93,$10.03,$9.98,$10.08,"1,335",626,21.28%
2026-07-17T19:25:48.000Z,DEMO,2026-08-16,$172.50,PUT,$187.37,31,$7.88,$7.83,$7.93,"2,252","5,715",20.98%
2026-07-17T19:34:43.000Z,DEMO,2026-08-16,$192.50,PUT,$187.37,295,$3.78,$3.73,$3.83,"4,503","5,612",18.02%
2026-07-17T19:47:01.000Z,DEMO,2026-07-24,$170.00,PUT,$187.31,203,$8.74,$8.69,$8.79,"9,947","1,472",20.07%
2026-07-17T20:00:24.000Z,DEMO,2026-07-24,$170.00,CALL,$187.32,58,$8.98,$8.93,$9.03,"1,890","4,646",21.56%
2026-07-17T20:03:36.000Z,DEMO,2026-07-24,$177.50,CALL,$187.32,78,$5.57,$5.52,$5.62,"2,751","5,218",18.25%
2026-07-17T20:08:47.000Z,DEMO,2026-07-24,$197.50,PUT,$187.33,227,$5.92,$5.87,$5.97,"11,195","4,342",19.60%
2026-07-17T20:10:23.000Z,DEMO,2026-07-24,$197.50,PUT,$187.50,369,$5.85,$5.80,$5.90,"10,208","3,391",19.41%
2026-07-17T20:14:27.000Z,DEMO,2026-07-24,$170.00,CALL,$187.46,251,$8.75,$8.70,$8.80,"4,350","1,476",19.43%
2026-07-17T20:17:41.000Z,DEMO,2026-08-16,$197.50,PUT,$187.49,316,$5.92,$5.87,$5.97,"7,408",202,18.85%
2026-07-17T20:24:44.000Z,DEMO,2026-07-24,$202.50,CALL,$187.57,14,$7.88,$7.83,$7.93,"9,167","2,380",19.90%
2026-07-17T20:44:17.000Z,DEMO,2026-07-24,$197.50,PUT,$187.58,56,$5.69,$5.64,$5.74,"3,683","5,219",18.12%
2026-07-17T20:58:54.000Z,DEMO,2026-07-24,$182.50,CALL,$187.75,147,$4.08,$4.03,$4.13,"1,379","4,162",21.24%
2026-07-17T21:10:45.000Z,DEMO,2026-07-24,$172.50,PUT,$187.72,53,$8.02,$7.97,$8.07,"8,664","2,644",20.25%
2026-07-17T21:51:40.000Z,DEMO,2026-08-16,$192.50,PUT,$187.75,53,$3.53,$3.48,$3.58,"1,555","7,068",17.88%
2026-07-17T21:53:16.000Z,DEMO,2026-07-24,$192.50,PUT,$187.69,138,$3.70,$3.65,$3.75,"1,636","7,773",18.55%
2026-07-17T22:15:51.000Z,DEMO,2026-08-16,$187.50,CALL,$187.66,111,$1.83,$1.78,$1.88,"9,687",793,18.64%
2026-07-17T22:25:49.000Z,DEMO,2026-08-16,$170.00,PUT,$187.68,124,$8.94,$8.89,$8.99,"2,070","5,599",20.67%
2026-07-17T22:34:02.000Z,DEMO,2026-07-24,$177.50,CALL,$187.74,200,$5.69,$5.64,$5.74,"2,427","7,829",17.76%
2026-07-17T22:45:37.000Z,DEMO,2026-07-24,$197.50,CALL,$187.77,380,$5.71,$5.66,$5.76,"2,244","5,169",20.07%
2026-07-17T22:47:23.000Z,DEMO,2026-08-16,$197.50,PUT,$187.86,167,$5.64,$5.59,$5.69,"6,493","1,222",18.43%
2026-07-17T23:34:50.000Z,DEMO,2026-08-16,$177.50,PUT,$187.85,42,$6.00,$5.95,$6.05,"1,409",844,19.61%
2026-07-17T23:38:51.000Z,DEMO,2026-07-24,$172.50,PUT,$187.83,16,$8.01,$7.96,$8.06,"1,264","1,147",19.64%
2026-07-17T23:39:42.000Z,DEMO,2026-07-24,$182.50,PUT,$188.03,141,$4.19,$4.14,$4.24,"3,007","3,947",19.81%
2026-07-17T23:42:43.000Z,DEMO,2026-08-16,$170.00,PUT,$188.06,53,$8.86,$8.81,$8.91,512,"1,171",18.36%
2026-07-18T00:17:28.000Z,DEMO,2026-07-24,$207.50,CALL,$188.01,128,$9.66,$9.61,$9.71,"2,629",301,20.59%
2026-07-18T00:31:46.000Z,DEMO,2026-08-16,$187.50,CALL,$187.96,212,$1.94,$1.89,$1.99,"6,643","6,309",18.92%
2026-07-18T00:41:23.000Z,DEMO,2026-07-24,$192.50,CALL,$187.88,117,$3.53,$3.48,$3.58,"1,343",775,17.33%
2026-07-18T00:42:23.000Z,DEMO,2026-07-24,$202.50,CALL,$187.95,57,$7.71,$7.66,$7.76,"9,655","4,447",19.98%
2026-07-18T00:44:20.000Z,DEMO,2026-07-24,$192.50,CALL,$187.93,338,$3.67,$3.62,$3.72,"7,033","1,861",19.63%
2026-07-18T00:54:02.000Z,DEMO,2026-08-16,$170.00,CALL,$187.94,180,$9.05,$9.00,$9.10,"4,526","1,580",20.35%
2026-07-18T01:00:32.000Z,DEMO,2026-07-24,$182.50,PUT,$187.93,210,$3.83,$3.78,$3.88,"2,414","2,787",17.49%
2026-07-18T01:09:34.000Z,DEMO,2026-08-16,$197.50,CALL,$187.99,181,$5.33,$5.28,$5.38,"8,128","6,646",16.24%
2026-07-18T01:12:42.000Z,DEMO,2026-07-24,$202.50,PUT,$187.92,236,$7.63,$7.58,$7.68,"6,399","1,017",19.32%
2026-07-18T01:27:37.000Z,DEMO,2026-07-24,$207.50,CALL,$187.84,226,$9.50,$9.45,$9.55,"6,815","7,485",17.88%
2026-07-18T01:40:51.000Z,DEMO,2026-08-16,$187.50,PUT,$187.86,271,$1.92,$1.87,$1.97,"3,445","4,722",19.34%
2026-07-18T01:47:32.000Z,DEMO,2026-08-16,$202.50,CALL,$187.90,132,$7.58,$7.53,$7.63,"7,839","3,245",19.09%
2026-07-18T01:56:54.000Z,DEMO,2026-07-24,$172.50,PUT,$187.93,176,$8.00,$7.95,$8.05,342,"1,389",19.13%
2026-07-18T01:57:46.000Z,DEMO,2026-08-16,$182.50,CALL,$187.87,210,$3.93,$3.88,$3.98,"5,568","2,447",18.73%
2026-07-18T02:00:00.000Z,DEMO,2026-07-24,$207.50,PUT,$187.92,115,$9.78,$9.73,$9.83,"6,306","1,701",20.50%
2026-07-18T02:07:29.000Z,DEMO,2026-08-16,$192.50,PUT,$187.86,57,$3.58,$3.53,$3.63,"3,368","7,044",17.98%
2026-07-18T02:13:16.000Z,DEMO,2026-07-24,$172.50,PUT,$187.82,279,$7.93,$7.88,$7.98,"10,385","7,422",19.54%
2026-07-18T02:25:25.000Z,DEMO,2026-07-24,$202.50,CALL,$187.75,340,$7.71,$7.66,$7.76,"1,012","4,267",19.20%
2026-07-18T02:40:19.000Z,DEMO,2026-07-24,$202.50,PUT,$187.85,209,$7.66,$7.61,$7.71,"5,064","4,175",19.57%
2026-07-18T02:46:44.000Z,DEMO,2026-07-24,$182.50,PUT,$187.90,399,$3.71,$3.66,$3.76,"1,780","4,366",16.70%
2026-07-18T03:44:07.000Z,DEMO,2026-08-16,$187.50,CALL,$187.94,22,$1.69,$1.64,$1.74,955,"6,315",16.97%
2026-07-18T03:49:31.000Z,DEMO,2026-07-24,$197.50,PUT,$188.04,110,$5.57,$5.52,$5.62,"7,976",966,19.76%
2026-07-18T04:01:55.000Z,DEMO,2026-07-24,$182.50,PUT,$188.25,62,$3.97,$3.92,$4.02,"8,365","7,401",17.70%
2026-07-18T04:24:17.000Z,DEMO,2026-08-16,$182.50,PUT,$188.12,179,$3.83,$3.78,$3.88,"3,125","6,005",18.26%
2026-07-18T04:27:50.000Z,DEMO,2026-07-24,$170.00,CALL,$188.07,225,$9.12,$9.07,$9.17,"7,217","4,810",20.19%
2026-07-18T05:04:19.000Z,DEMO,2026-07-24,$177.50,CALL,$188.02,41,$5.99,$5.94,$6.04,"10,571","1,274",19.64%
2026-07-18T05:12:29.000Z,DEMO,2026-07-24,$182.50,PUT,$187.96,271,$3.83,$3.78,$3.88,638,"5,565",18.33%
2026-07-18T05:19:40.000Z,DEMO,2026-08-16,$202.50,CALL,$187.87,254,$7.66,$7.61,$7.71,"9,430","2,435",18.89%
2026-07-18T05:28:34.000Z,DEMO,2026-07-24,$207.50,CALL,$187.85,361,$9.86,$9.81,$9.91,"5,761","6,337",20.31%
2026-07-18T05:55:09.000Z,DEMO,2026-07-24,$182.50,CALL,$187.76,29,$3.82,$3.77,$3.87,"7,512","3,175",18.54%
2026-07-18T05:57:04.000Z,DEMO,2026-07-24,$177.50,PUT,$187.79,124,$5.78,$5.73,$5.83,"9,563","4,463",18.33%
2026-07-18T06:05:36.000Z,DEMO,2026-07-24,$187.50,PUT,$187.79,172,$1.69,$1.64,$1.74,"10,926","1,467",17.77%
2026-07-18T06:14:31.000Z,DEMO,2026-07-24,$207.50,CALL,$187.83,226,$9.77,$9.72,$9.82,"10,865","4,547",21.04%
2026-07-18T06:15:03.000Z,DEMO,2026-08-16,$187.50,PUT,$187.86,316,$1.89,$1.84,$1.94,"2,662","4,977",17.67%
2026-07-18T06:17:13.000Z,DEMO,2026-07-24,$187.50,CALL,$187.91,235,$1.55,$1.50,$1.60,"4,556","1,120",15.85%
2026-07-18T06:17:23.000Z,DEMO,2026-08-16,$192.50,PUT,$187.88,167,$3.60,$3.55,$3.65,"10,279","7,213",18.55%
2026-07-18T06:19:30.000Z,DEMO,2026-08-16,$182.50,CALL,$188.04,228,$4.01,$3.96,$4.06,550,"4,580",18.48%
2026-07-18T06:22:57.000Z,DEMO,2026-07-24,$197.50,PUT,$188.06,208,$5.62,$5.57,$5.67,"11,517","4,861",19.36%
2026-07-18T06:36:27.000Z,DEMO,2026-07-24,$197.50,PUT,$187.92,395,$5.59,$5.54,$5.64,"11,013","4,914",18.65%
2026-07-18T06:45:32.000Z,DEMO,2026-07-24,$202.50,PUT,$187.84,244,$7.69,$7.64,$7.74,"10,445","6,750",19.60%
2026-07-18T06:46:42.000Z,DEMO,2026-08-16,$170.00,PUT,$187.71,152,$8.98,$8.93,$9.03,"11,201","1,312",19.61%
2026-07-18T07:50:39.000Z,DEMO,2026-08-16,$182.50,CALL,$187.71,11,$3.78,$3.73,$3.83,"5,787",128,18.03%
2026-07-18T08:07:36.000Z,DEMO,2026-08-16,$172.50,PUT,$187.70,282,$8.02,$7.97,$8.07,"9,782","1,320",21.15%
2026-07-18T08:21:59.000Z,DEMO,2026-07-24,$177.50,PUT,$187.67,179,$5.94,$5.89,$5.99,"2,857","1,181",19.89%
2026-07-18T08:50:19.000Z,DEMO,2026-08-16,$177.50,CALL,$187.82,188,$6.19,$6.14,$6.24,"3,082","6,830",21.19%
2026-07-18T08:53:14.000Z,DEMO,2026-08-16,$187.50,PUT,$187.86,112,$1.68,$1.63,$1.73,"3,651",412,16.49%
2026-07-18T08:58:40.000Z,DEMO,2026-08-16,$202.50,PUT,$187.92,199,$7.45,$7.40,$7.50,"6,357","5,717",17.36%
2026-07-18T08:58:59.000Z,DEMO,2026-08-16,$192.50,PUT,$187.85,129,$3.73,$3.68,$3.78,"9,783","6,307",19.38%
2026-07-18T08:59:35.000Z,DEMO,2026-07-24,$202.50,PUT,$187.77,193,$7.75,$7.70,$7.80,"11,986","1,209",19.78%
2026-07-18T09:10:12.000Z,DEMO,2026-07-24,$177.50,CALL,$187.77,57,$5.89,$5.84,$5.94,"9,877","3,435",18.84%
2026-07-18T09:44:27.000Z,DEMO,2026-08-16,$177.50,CALL,$187.79,298,$5.92,$5.87,$5.97,"7,591","3,273",18.90%
2026-07-18T09:45:03.000Z,DEMO,2026-08-16,$192.50,PUT,$187.65,46,$3.57,$3.52,$3.62,"5,913","5,992",17.32%
2026-07-18T09:53:53.000Z,DEMO,2026-07-24,$202.50,PUT,$187.63,117,$7.71,$7.66,$7.76,"5,741",785,18.49%
2026-07-18T09:55:58.000Z,DEMO,2026-07-24,$177.50,PUT,$187.64,272,$5.87,$5.82,$5.92,"3,584","2,189",19.47%
2026-07-18T09:58:48.000Z,DEMO,2026-07-24,$172.50,CALL,$187.62,200,$7.83,$7.78,$7.88,"6,107","1,231",18.95%
2026-07-18T10:02:33.000Z,DEMO,2026-07-24,$177.50,CALL,$187.56,160,$5.98,$5.93,$6.03,"4,064","4,189",20.67%
2026-07-18T10:07:10.000Z,DEMO,2026-07-24,$192.50,PUT,$187.52,356,$3.78,$3.73,$3.83,"4,361","1,361",18.34%
2026-07-18T10:16:50.000Z,DEMO,2026-07-24,$202.50,PUT,$187.50,291,$7.90,$7.85,$7.95,"5,520","1,267",20.48%
2026-07-18T10:40:17.000Z,DEMO,2026-07-24,$202.50,PUT,$187.51,267,$7.83,$7.78,$7.88,"10,992","5,177",19.38%
2026-07-18T10:44:35.000Z,DEMO,2026-07-24,$172.50,CALL,$187.56,309,$7.93,$7.88,$7.98,"5,105","3,832",20.72%
2026-07-18T11:11:33.000Z,DEMO,2026-07-24,$192.50,PUT,$187.64,25,$3.57,$3.52,$3.62,"6,154","4,321",16.81%
2026-07-18T11:14:34.000Z,DEMO,2026-07-24,$192.50,CALL,$187.62,176,$3.70,$3.65,$3.75,811,"5,407",19.10%
2026-07-18T11:15:04.000Z,DEMO,2026-07-24,$197.50,CALL,$187.58,140,$5.97,$5.92,$6.02,"9,200","2,448",20.41%
2026-07-18T11:41:08.000Z,DEMO,2026-07-24,$207.50,CALL,$187.61,349,$9.95,$9.90,$10.00,"1,178","4,065",20.87%
2026-07-18T12:02:02.000Z,DEMO,2026-08-16,$172.50,PUT,$187.66,167,$7.76,$7.71,$7.81,"10,987","7,275",19.08%
2026-07-18T12:04:10.000Z,DEMO,2026-08-16,$187.50,PUT,$187.63,136,$1.65,$1.60,$1.70,"2,692","2,739",16.68%
2026-07-18T12:05:38.000Z,DEMO,2026-08-16,$172.50,PUT,$187.69,152,$8.06,$8.01,$8.11,"8,923","2,440",21.72%
2026-07-18T12:10:21.000Z,DEMO,2026-07-24,$170.00,PUT,$187.76,370,$9.04,$8.99,$9.09,"6,943","2,453",19.94%
2026-07-18T12:46:56.000Z,DEMO,2026-08-16,$177.50,PUT,$187.86,22,$5.87,$5.82,$5.92,"8,786","3,947",18.71%
2026-07-18T12:48:35.000Z,DEMO,2026-07-24,$170.00,CALL,$187.99,242,$9.24,$9.19,$9.29,"7,458","2,867",22.43%
2026-07-18T12:53:27.000Z,DEMO,2026-08-16,$182.50,PUT,$187.93,16,$4.09,$4.04,$4.14,"3,005","6,040",20.05%
2026-07-18T13:00:41.000Z,DEMO,2026-07-24,$207.50,CALL,$187.93,16,$9.63,$9.58,$9.68,"5,274","5,989",19.40%
2026-07-18T13:02:00.000Z,DEMO,2026-07-24,$202.50,PUT,$187.93,98,$7.74,$7.69,$7.79,"1,153","1,309",20.69%
2026-07-18T13:11:20.000Z,DEMO,2026-07-24,$192.50,PUT,$187.92,286,$3.47,$3.42,$3.52,"10,437","1,552",17.85%
2026-07-18T13:26:37.000Z,DEMO,2026-08-16,$197.50,PUT,$187.87,396,$5.61,$5.56,$5.66,"4,699","5,869",18.07%
2026-07-16T17:34:23.000Z,AUX,2026-08-16,$52.50,CALL,$52.01,109,$0.67,$0.62,$0.72,"2,638",706,18.04%
2026-07-16T17:49:35.000Z,AUX,2026-08-16,$50.00,CALL,$52.02,72,$1.32,$1.27,$1.37,"9,502","5,073",19.25%
2026-07-16T21:31:47.000Z,AUX,2026-08-16,$52.50,PUT,$52.03,351,$0.68,$0.63,$0.73,"6,856","1,850",19.09%
2026-07-16T22:34:12.000Z,AUX,2026-08-16,$47.50,CALL,$51.99,172,$2.28,$2.23,$2.33,"1,915","5,518",20.05%
2026-07-16T23:06:46.000Z,AUX,2026-08-16,$55.00,PUT,$51.96,223,$1.69,$1.64,$1.74,566,"4,431",19.21%
2026-07-16T23:38:14.000Z,AUX,2026-07-24,$55.00,CALL,$52.01,218,$1.62,$1.57,$1.67,"7,700","5,032",17.53%
2026-07-17T01:26:53.000Z,AUX,2026-07-24,$52.50,PUT,$51.98,114,$0.59,$0.54,$0.64,"3,625",722,17.83%
2026-07-17T01:30:29.000Z,AUX,2026-08-16,$50.00,CALL,$52.00,274,$1.26,$1.21,$1.31,"4,413","5,492",18.15%
2026-07-17T01:44:27.000Z,AUX,2026-08-16,$55.00,PUT,$51.98,255,$1.64,$1.59,$1.69,"8,524","4,173",18.93%
2026-07-17T02:03:33.000Z,AUX,2026-07-24,$50.00,CALL,$51.98,114,$1.32,$1.27,$1.37,"10,184","3,188",19.08%
2026-07-17T04:21:34.000Z,AUX,2026-08-16,$50.00,CALL,$51.97,269,$1.33,$1.28,$1.38,"8,533","3,531",19.22%
2026-07-17T06:00:11.000Z,AUX,2026-07-24,$47.50,CALL,$51.98,188,$2.38,$2.33,$2.43,"2,801","7,599",20.35%
2026-07-17T10:12:18.000Z,AUX,2026-07-24,$52.50,PUT,$51.99,268,$0.58,$0.53,$0.63,"5,711","1,206",18.13%
2026-07-17T10:40:42.000Z,AUX,2026-08-16,$50.00,CALL,$51.98,82,$1.26,$1.21,$1.31,"7,773","3,357",20.60%
2026-07-17T11:08:07.000Z,AUX,2026-07-24,$47.50,PUT,$51.95,143,$2.26,$2.21,$2.31,"8,666","4,231",19.30%
2026-07-17T11:48:03.000Z,AUX,2026-07-24,$57.50,CALL,$51.96,285,$2.65,$2.60,$2.70,"1,219","6,810",19.86%
2026-07-17T12:18:35.000Z,AUX,2026-08-16,$55.00,CALL,$51.93,193,$1.68,$1.63,$1.73,"6,287","5,725",18.83%
2026-07-17T14:00:58.000Z,AUX,2026-08-16,$52.50,PUT,$51.94,369,$0.68,$0.63,$0.73,"10,486","1,154",17.38%
2026-07-17T14:03:12.000Z,AUX,2026-07-24,$52.50,CALL,$52.00,94,$0.64,$0.59,$0.69,"6,458",927,17.89%
2026-07-17T14:13:01.000Z,AUX,2026-08-16,$50.00,PUT,$52.03,267,$1.31,$1.26,$1.36,"8,372","6,577",18.73%
2026-07-17T17:01:45.000Z,AUX,2026-08-16,$47.50,CALL,$52.04,221,$2.36,$2.31,$2.41,"4,871","1,506",21.06%
2026-07-17T17:17:57.000Z,AUX,2026-07-24,$50.00,PUT,$52.04,207,$1.32,$1.27,$1.37,"5,973","1,820",19.03%
2026-07-17T20:08:15.000Z,AUX,2026-08-16,$55.00,CALL,$52.00,126,$1.65,$1.60,$1.70,"6,808","2,066",18.94%
2026-07-17T23:33:42.000Z,AUX,2026-08-16,$52.50,CALL,$51.97,331,$0.67,$0.62,$0.72,"9,532","4,730",17.88%
2026-07-17T23:55:00.000Z,AUX,2026-08-16,$50.00,CALL,$52.00,179,$1.34,$1.29,$1.39,"4,243","2,391",20.63%
2026-07-18T00:17:14.000Z,AUX,2026-07-24,$52.50,CALL,$51.98,199,$0.69,$0.64,$0.74,"9,874","1,607",17.39%
2026-07-18T01:33:46.000Z,AUX,2026-08-16,$50.00,CALL,$51.97,297,$1.18,$1.13,$1.23,"1,275","6,949",18.86%
2026-07-18T01:49:55.000Z,AUX,2026-08-16,$55.00,CALL,$51.96,118,$1.72,$1.67,$1.77,"9,060","5,747",17.92%
2026-07-18T03:41:53.000Z,AUX,2026-07-24,$47.50,PUT,$51.94,267,$2.28,$2.23,$2.33,"1,450",561,18.70%
2026-07-18T03:52:08.000Z,AUX,2026-07-24,$50.00,CALL,$51.92,126,$1.20,$1.15,$1.25,"11,196","2,824",17.73%
2026-07-18T03:59:11.000Z,AUX,2026-07-24,$50.00,CALL,$51.91,28,$1.19,$1.14,$1.24,"1,891","5,069",18.35%
2026-07-18T04:50:48.000Z,AUX,2026-08-16,$57.50,PUT,$51.90,58,$2.81,$2.76,$2.86,"7,583","1,698",21.46%
2026-07-18T06:20:59.000Z,AUX,2026-07-24,$57.50,CALL,$51.88,149,$2.72,$2.67,$2.77,"1,230","4,806",19.08%
2026-07-18T06:36:42.000Z,AUX,2026-07-24,$50.00,CALL,$51.86,232,$1.12,$1.07,$1.17,"5,324","1,839",16.39%
2026-07-18T07:34:01.000Z,AUX,2026-07-24,$47.50,PUT,$51.88,217,$2.28,$2.23,$2.33,"5,192","5,787",21.55%
2026-07-18T09:01:52.000Z,AUX,2026-08-16,$47.50,CALL,$51.87,130,$2.17,$2.12,$2.22,"10,191","3,680",19.53%
2026-07-18T10:21:53.000Z,AUX,2026-07-24,$55.00,CALL,$51.87,378,$1.65,$1.60,$1.70,"10,252","3,363",18.13%
2026-07-18T10:26:28.000Z,AUX,2026-07-24,$50.00,CALL,$51.88,215,$1.17,$1.12,$1.22,"5,018","1,376",16.50%
2026-07-18T11:40:13.000Z,AUX,2026-08-16,$50.00,CALL,$51.88,220,$1.26,$1.21,$1.31,707,"3,457",19.13%
2026-07-18T12:17:53.000Z,AUX,2026-07-24,$52.50,CALL,$51.87,219,$0.79,$0.74,$0.84,"4,025","5,798",19.13%
