Expiration Date,Type,Strike,Open Interest,Volume,Implied Volatility,Underlying Price
2026-07-24,Call,540,56,12,23.25,628.5
2026-07-24,Put,540,277,91,23.25,628.5
2026-07-24,Call,545,48,21,22.78,628.5
2026-07-24,Put,545,305,111,22.78,628.5
2026-07-24,Call,550,179,41,22.32,628.5
2026-07-24,Put,550,957,402,22.32,628.5
2026-07-24,Call,555,162,61,21.85,628.5
2026-07-24,Put,555,721,101,21.85,628.5
2026-07-24,Call,560,367,27,21.39,628.5
2026-07-24,Put,560,1951,590,21.39,628.5
2026-07-24,Call,565,399,76,20.94,628.5
2026-07-24,Put,565,2064,840,20.94,628.5
2026-07-24,Call,570,883,112,20.49,628.5
2026-07-24,Put,570,3765,254,20.49,628.5
2026-07-24,Call,575,1425,460,20.04,628.5
2026-07-24,Put,575,8720,3810,20.04,628.5
2026-07-24,Call,580,1443,285,19.6,628.5
2026-07-24,Put,580,7357,925,19.6,628.5
2026-07-24,Call,585,1174,282,19.16,628.5
2026-07-24,Put,585,5896,1874,19.16,628.5
2026-07-24,Call,590,2605,997,18.73,628.5
2026-07-24,Put,590,13857,2424,18.73,628.5
2026-07-24,Call,595,2528,940,18.3,628.5
2026-07-24,Put,595,10229,1691,18.3,628.5
2026-07-24,Call,600,6393,677,17.87,628.5
2026-07-24,Put,600,88092,4664,17.87,628.5
2026-07-24,Call,605,3552,1122,17.45,628.5
2026-07-24,Put,605,16550,5995,17.45,628.5
2026-07-24,Call,610,5360,1487,17.03,628.5
2026-07-24,Put,610,7463,715,17.03,628.5
2026-07-24,Call,615,4286,1021,16.61,628.5
2026-07-24,Put,615,6592,2346,16.61,628.5
2026-07-24,Call,620,6799,1845,16.2,628.5
2026-07-24,Put,620,10567,1813,16.2,628.5
2026-07-24,Call,625,30326,6813,15.79,628.5
2026-07-24,Put,625,13924,2971,15.79,628.5
2026-07-24,Call,630,29234,4197,15.52,628.5
2026-07-24,Put,630,4439,721,15.52,628.5
2026-07-24,Call,635,15279,4809,15.6,628.5
2026-07-24,Put,635,3586,1303,15.6,628.5
2026-07-24,Call,640,25167,5349,15.68,628.5
2026-07-24,Put,640,5596,653,15.68,628.5
2026-07-24,Call,645,11670,1003,15.76,628.5
2026-07-24,Put,645,3306,776,15.76,628.5
2026-07-24,Call,650,73086,18302,15.84,628.5
2026-07-24,Put,650,5107,1677,15.84,628.5
2026-07-24,Call,655,10787,2183,15.91,628.5
2026-07-24,Put,655,2136,645,15.91,628.5
2026-07-24,Call,660,13033,1108,15.99,628.5
2026-07-24,Put,660,2460,1069,15.99,628.5
2026-07-24,Call,665,8652,2854,16.06,628.5
2026-07-24,Put,665,1418,620,16.06,628.5
2026-07-24,Call,670,9716,3271,16.14,628.5
2026-07-24,Put,670,1803,286,16.14,628.5
2026-07-24,Call,675,8166,3356,16.21,628.5
2026-07-24,Put,675,2014,263,16.21,628.5
2026-07-24,Call,680,4509,1270,16.29,628.5
2026-07-24,Put,680,896,351,16.29,628.5
2026-07-24,Call,685,2565,866,16.36,628.5
2026-07-24,Put,685,476,143,16.36,628.5
2026-07-24,Call,690,2493,772,16.43,628.5
2026-07-24,Put,690,423,91,16.43,628.5
2026-07-24,Call,695,880,217,16.51,628.5
2026-07-24,Put,695,211,22,16.51,628.5
2026-07-24,Call,700,1296,369,16.58,628.5
2026-07-24,Put,700,281,118,16.58,628.5
2026-07-31,Call,540,41,7,22.74,628.5
2026-07-31,Put,540,201,11,22.74,628.5
2026-07-31,Call,545,54,13,22.3,628.5
2026-07-31,Put,545,246,20,22.3,628.5
2026-07-31,Call,550,167,41,21.86,628.5
2026-07-31,Put,550,949,264,21.86,628.5
2026-07-31,Call,555,121,18,21.43,628.5
2026-07-31,Put,555,550,142,21.43,628.5
2026-07-31,Call,560,280,16,21.0,628.5
2026-07-31,Put,560,1560,637,21.0,628.5
2026-07-31,Call,565,247,67,20.58,628.5
2026-07-31,Put,565,1172,373,20.58,628.5
2026-07-31,Call,570,580,181,20.16,628.5
2026-07-31,Put,570,3330,1190,20.16,628.5
2026-07-31,Call,575,1116,464,19.74,628.5
2026-07-31,Put,575,5668,368,19.74,628.5
2026-07-31,Call,580,1268,251,19.33,628.5
2026-07-31,Put,580,6744,2517,19.33,628.5
2026-07-31,Call,585,1022,440,18.92,628.5
2026-07-31,Put,585,4852,1242,18.92,628.5
2026-07-31,Call,590,1929,818,18.51,628.5
2026-07-31,Put,590,8886,603,18.51,628.5
2026-07-31,Call,595,1738,776,18.11,628.5
2026-07-31,Put,595,9911,3463,18.11,628.5
2026-07-31,Call,600,5512,2245,17.71,628.5
2026-07-31,Put,600,80691,14231,17.71,628.5
2026-07-31,Call,605,2826,889,17.32,628.5
2026-07-31,Put,605,11617,1019,17.32,628.5
2026-07-31,Call,610,4790,742,16.92,628.5
2026-07-31,Put,610,8195,1199,16.92,628.5
2026-07-31,Call,615,2727,1042,16.54,628.5
2026-07-31,Put,615,4427,538,16.54,628.5
2026-07-31,Call,620,5366,2145,16.15,628.5
2026-07-31,Put,620,7255,1263,16.15,628.5
2026-07-31,Call,625,33180,14557,15.77,628.5
2026-07-31,Put,625,12579,1352,15.77,628.5
2026-07-31,Call,630,16507,2341,15.52,628.5
2026-07-31,Put,630,3678,1180,15.52,628.5
2026-07-31,Call,635,11308,2855,15.6,628.5
2026-07-31,Put,635,3022,853,15.6,628.5
2026-07-31,Call,640,16623,6177,15.68,628.5
2026-07-31,Put,640,4319,1492,15.68,628.5
2026-07-31,Call,645,9836,978,15.76,628.5
2026-07-31,Put,645,2844,594,15.76,628.5
2026-07-31,Call,650,62248,15277,15.84,628.5
2026-07-31,Put,650,5055,2185,15.84,628.5
2026-07-31,Call,655,8066,3387,15.91,628.5
2026-07-31,Put,655,1503,408,15.91,628.5
2026-07-31,Call,660,11628,1073,15.99,628.5
2026-07-31,Put,660,1989,432,15.99,628.5
2026-07-31,Call,665,7058,2035,16.06,628.5
2026-07-31,Put,665,1469,546,16.06,628.5
2026-07-31,Call,670,6902,2511,16.14,628.5
2026-07-31,Put,670,1188,111,16.14,628.5
2026-07-31,Call,675,8817,3251,16.21,628.5
2026-07-31,Put,675,1464,384,16.21,628.5
2026-07-31,Call,680,4076,1618,16.29,628.5
2026-07-31,Put,680,857,184,16.29,628.5
2026-07-31,Call,685,1766,389,16.36,628.5
2026-07-31,Put,685,415,164,16.36,628.5
2026-07-31,Call,690,1894,282,16.43,628.5
2026-07-31,Put,690,363,126,16.43,628.5
2026-07-31,Call,695,971,89,16.51,628.5
2026-07-31,Put,695,150,43,16.51,628.5
2026-07-31,Call,700,1058,401,16.58,628.5
2026-07-31,Put,700,239,25,16.58,628.5
2026-08-21,Call,540,32,3,21.53,628.5
2026-08-21,Put,540,121,13,21.53,628.5
2026-08-21,Call,545,26,1,21.17,628.5
2026-08-21,Put,545,125,14,21.17,628.5
2026-08-21,Call,550,95,27,20.8,628.5
2026-08-21,Put,550,595,123,20.8,628.5
2026-08-21,Call,555,78,19,20.44,628.5
2026-08-21,Put,555,466,181,20.44,628.5
2026-08-21,Call,560,161,19,20.09,628.5
2026-08-21,Put,560,849,127,20.09,628.5
2026-08-21,Call,565,204,44,19.73,628.5
2026-08-21,Put,565,783,156,19.73,628.5
2026-08-21,Call,570,441,39,19.38,628.5
2026-08-21,Put,570,2378,168,19.38,628.5
2026-08-21,Call,575,1064,95,19.04,628.5
2026-08-21,Put,575,4968,2042,19.04,628.5
2026-08-21,Call,580,1017,377,18.69,628.5
2026-08-21,Put,580,4554,1398,18.69,628.5
2026-08-21,Call,585,843,87,18.35,628.5
2026-08-21,Put,585,3693,944,18.35,628.5
2026-08-21,Call,590,1680,395,18.01,628.5
2026-08-21,Put,590,6731,2058,18.01,628.5
2026-08-21,Call,595,1112,117,17.68,628.5
2026-08-21,Put,595,5839,1265,17.68,628.5
2026-08-21,Call,600,2926,576,17.34,628.5
2026-08-21,Put,600,52117,9433,17.34,628.5
2026-08-21,Call,605,1668,540,17.01,628.5
2026-08-21,Put,605,7728,3319,17.01,628.5
2026-08-21,Call,610,3496,847,16.69,628.5
2026-08-21,Put,610,4466,1179,16.69,628.5
2026-08-21,Call,615,2516,782,16.36,628.5
2026-08-21,Put,615,3963,1042,16.36,628.5
2026-08-21,Call,620,3737,617,16.04,628.5
2026-08-21,Put,620,6211,813,16.04,628.5
2026-08-21,Call,625,22133,8726,15.72,628.5
2026-08-21,Put,625,7373,2180,15.72,628.5
2026-08-21,Call,630,11806,4017,15.52,628.5
2026-08-21,Put,630,2472,1049,15.52,628.5
2026-08-21,Call,635,7831,3395,15.6,628.5
2026-08-21,Put,635,2160,620,15.6,628.5
2026-08-21,Call,640,14456,5320,15.68,628.5
2026-08-21,Put,640,3222,487,15.68,628.5
2026-08-21,Call,645,8219,723,15.76,628.5
2026-08-21,Put,645,1747,207,15.76,628.5
2026-08-21,Call,650,47705,13308,15.84,628.5
2026-08-21,Put,650,3218,833,15.84,628.5
2026-08-21,Call,655,6703,2478,15.91,628.5
2026-08-21,Put,655,1272,368,15.91,628.5
2026-08-21,Call,660,8896,870,15.99,628.5
2026-08-21,Put,660,1352,115,15.99,628.5
2026-08-21,Call,665,4348,945,16.06,628.5
2026-08-21,Put,665,955,304,16.06,628.5
2026-08-21,Call,670,4488,1837,16.14,628.5
2026-08-21,Put,670,1118,176,16.14,628.5
2026-08-21,Call,675,5065,890,16.21,628.5
2026-08-21,Put,675,973,106,16.21,628.5
2026-08-21,Call,680,3157,710,16.29,628.5
2026-08-21,Put,680,539,184,16.29,628.5
2026-08-21,Call,685,1306,554,16.36,628.5
2026-08-21,Put,685,299,72,16.36,628.5
2026-08-21,Call,690,1261,560,16.43,628.5
2026-08-21,Put,690,303,130,16.43,628.5
2026-08-21,Call,695,502,195,16.51,628.5
2026-08-21,Put,695,131,12,16.51,628.5
2026-08-21,Call,700,877,284,16.58,628.5
2026-08-21,Put,700,143,33,16.58,628.5
2026-09-18,Put,540,77,17,20.44,628.5
2026-09-18,Put,545,89,37,20.14,628.5
2026-09-18,Call,550,81,7,19.84,628.5
2026-09-18,Put,550,423,169,19.84,628.5
2026-09-18,Call,555,49,18,19.55,628.5
2026-09-18,Put,555,217,97,19.55,628.5
2026-09-18,Call,560,134,41,19.25,628.5
2026-09-18,Put,560,504,206,19.25,628.5
2026-09-18,Call,565,102,14,18.97,628.5
2026-09-18,Put,565,521,187,18.97,628.5
2026-09-18,Call,570,244,101,18.68,628.5
2026-09-18,Put,570,1419,91,18.68,628.5
2026-09-18,Call,575,464,32,18.39,628.5
2026-09-18,Put,575,2897,1073,18.39,628.5
2026-09-18,Call,580,486,189,18.11,628.5
2026-09-18,Put,580,2145,794,18.11,628.5
2026-09-18,Call,585,565,202,17.83,628.5
2026-09-18,Put,585,2500,962,17.83,628.5
2026-09-18,Call,590,763,99,17.56,628.5
2026-09-18,Put,590,3816,960,17.56,628.5
2026-09-18,Call,595,857,258,17.28,628.5
2026-09-18,Put,595,4275,479,17.28,628.5
2026-09-18,Call,600,2281,290,17.01,628.5
2026-09-18,Put,600,31825,10628,17.01,628.5
2026-09-18,Call,605,1329,391,16.74,628.5
2026-09-18,Put,605,4399,1304,16.74,628.5
2026-09-18,Call,610,1558,628,16.47,628.5
2026-09-18,Put,610,3307,394,16.47,628.5
2026-09-18,Call,615,1175,145,16.21,628.5
2026-09-18,Put,615,2680,625,16.21,628.5
2026-09-18,Call,620,2514,765,15.94,628.5
2026-09-18,Put,620,3717,401,15.94,628.5
2026-09-18,Call,625,15397,2625,15.68,628.5
2026-09-18,Put,625,5673,1871,15.68,628.5
2026-09-18,Call,630,9500,4049,15.52,628.5
2026-09-18,Put,630,1621,410,15.52,628.5
2026-09-18,Call,635,5605,1343,15.6,628.5
2026-09-18,Put,635,1040,107,15.6,628.5
2026-09-18,Call,640,7531,1294,15.68,628.5
2026-09-18,Put,640,1689,497,15.68,628.5
2026-09-18,Call,645,5320,1142,15.76,628.5
2026-09-18,Put,645,1024,140,15.76,628.5
2026-09-18,Call,650,30634,5416,15.84,628.5
2026-09-18,Put,650,1691,367,15.84,628.5
2026-09-18,Call,655,3818,535,15.91,628.5
2026-09-18,Put,655,835,230,15.91,628.5
2026-09-18,Call,660,5218,1613,15.99,628.5
2026-09-18,Put,660,1078,190,15.99,628.5
2026-09-18,Call,665,2902,782,16.06,628.5
2026-09-18,Put,665,532,159,16.06,628.5
2026-09-18,Call,670,2889,736,16.14,628.5
2026-09-18,Put,670,705,285,16.14,628.5
2026-09-18,Call,675,3982,1001,16.21,628.5
2026-09-18,Put,675,723,267,16.21,628.5
2026-09-18,Call,680,1583,609,16.29,628.5
2026-09-18,Put,680,359,34,16.29,628.5
2026-09-18,Call,685,674,260,16.36,628.5
2026-09-18,Put,685,140,22,16.36,628.5
2026-09-18,Call,690,788,93,16.43,628.5
2026-09-18,Put,690,164,56,16.43,628.5
2026-09-18,Call,695,304,115,16.51,628.5
2026-09-18,Put,695,90,17,16.51,628.5
2026-09-18,Call,700,464,134,16.58,628.5
2026-09-18,Put,700,96,18,16.58,628.5
